patient_id,0,1,2,3,4,5,6,7
patient104,0.9272113,1.0349007,0.8182306,1.4088227,0.8823595,0.7689432,1.3412313,1.0052508
patient107,0.73816025,0.82240444,0.6834552,1.3227632,0.8047571,0.6412432,1.284241,0.77992016
patient109,1.0329899,1.2182441,0.8842936,1.5863639,0.773075,1.0031737,1.6882375,0.97604007
patient114,0.638104,0.66601205,0.5032945,2.335129,0.61322075,0.8016646,2.107622,0.5984316
patient117,1.4393072,1.6714668,1.3736751,1.8644525,1.1119841,1.5718497,1.9219342,1.2527319
patient121,0.61944294,0.77468514,0.5369567,3.0661838,0.65475595,0.7311821,2.75626,0.6225913
patient124,0.68127984,0.84546626,0.6595233,2.0123634,0.68133307,0.7872966,1.8113103,0.69134325
patient126,0.92283994,1.1410955,0.9236362,1.65368,0.88023084,0.8781551,1.5138353,0.8493317
patient131,0.6620746,0.7832062,0.58386815,2.5067296,0.61196715,0.7744529,2.3361683,0.6854555
patient137,0.6331922,0.8684427,0.60928917,2.4937634,0.60033053,0.8676052,2.3523412,0.7141795
patient140,0.6474626,0.7438656,0.6021504,2.0564766,0.7158393,0.6533317,1.8323904,0.69212633
patient141,0.82356286,1.1117532,0.81320226,1.7197703,0.8452537,1.0210781,1.9202555,0.7435568
patient143,0.8858066,0.9052318,0.7036259,1.885034,0.74948645,0.84910774,1.929219,0.7870396
patient147,0.58413666,0.76785725,0.50625396,1.9324969,0.5615073,0.6392625,1.9158458,0.52205694
patient153,0.9564235,1.0506656,0.81189924,1.275067,0.9095186,0.7315532,1.265915,0.95917416
patient159,0.9313858,1.0478129,0.84797627,1.6437033,0.8235957,1.0176792,1.4736469,0.8907454
patient160,0.8832346,0.99062705,0.7239904,1.7446388,0.7374724,0.9629535,1.6607164,0.8920667
patient164,0.6545396,0.78356004,0.55508405,1.8151487,0.7487121,0.5233798,1.7867168,0.62932855
patient169,1.5994946,1.9597137,1.5637715,1.4915271,1.1406001,1.3896395,1.6323158,1.3640264
patient170,0.73858875,0.78331894,0.63531184,2.192721,0.7056206,0.6851481,1.8800255,0.705022
patient171,0.9658257,1.1652428,0.8789795,1.0058486,0.7596533,0.8617722,1.3559693,0.8367553
patient176,1.1285805,1.4222779,1.075881,1.3894291,0.7858051,1.2770308,1.6311773,1.0095681
patient177,0.5039681,0.61009413,0.41247955,2.2996776,0.5272769,0.6522579,2.1878765,0.54060906
patient179,0.6691522,0.79336476,0.5954116,2.0225518,0.6543427,0.76655483,1.9012089,0.59302616
patient180,1.0419121,1.0960429,0.92645454,1.6129266,0.84733886,1.3205006,1.5958368,0.94647545
patient181,0.9894142,1.1076758,0.82614785,1.5132536,0.85479283,0.7114684,1.5229459,0.83085376
patient182,0.990736,1.0109878,0.81904626,1.7050291,0.8941099,0.7306567,1.6706846,0.9681376
patient183,0.6252788,0.7656518,0.5597923,2.6538157,0.5980321,0.6090965,2.4488645,0.5538174
patient186,0.74809986,0.869049,0.70711863,2.1699922,0.7646281,0.78795874,1.9789771,0.7692336
patient187,0.7219992,0.93689865,0.648177,1.8164773,0.720037,0.64639777,1.7755371,0.6913246
patient188,0.8737373,1.1368692,0.8758018,2.1787975,0.6996454,0.75524485,2.0759764,0.69736296
patient189,1.0355616,1.1810995,0.8880299,1.6734005,0.82678616,1.0267993,1.7680275,0.91867155
patient190,0.8963402,1.1251069,0.8450129,1.8094678,0.80426526,1.0863655,1.7496934,0.8134468
patient191,1.0715913,1.4460166,1.1546416,1.6101661,0.89841515,1.2120534,1.7211261,0.9663815
patient193,0.6883084,0.80501425,0.6256154,1.6257825,0.69120526,0.726222,1.4251581,0.7284645
patient194,0.76196593,1.0084728,0.7103579,2.1763105,0.72218674,0.82803804,1.8497065,0.71630126
patient195,0.7782489,1.0754031,0.72149533,2.557028,0.66512257,0.88812655,2.2460496,0.67942446
patient196,0.8943639,1.0437409,0.8718676,1.8865564,0.8242528,0.9456186,1.669297,0.97045815
patient197,0.8697318,1.0854046,0.8888051,1.8526312,0.87794554,1.0609283,1.8389391,1.0105495
patient198,0.5891426,0.77109385,0.558858,1.7102722,0.5864529,0.7244327,1.5706046,0.6569419
patient199,1.384942,1.6921153,1.3338988,1.5229548,0.847656,1.4258784,1.7751199,1.0483433
patient200,0.7490744,0.8339846,0.7002648,2.1403134,0.65344685,0.7961079,1.9645197,0.68304193
patient201,0.834778,1.0026996,0.8120368,1.5549678,0.8550999,0.911568,1.552598,0.9332389
patient204,0.5414168,0.71387845,0.46247175,2.4657192,0.53289974,0.52368253,2.3712885,0.53342956
patient205,1.3502624,1.4575765,1.2181803,1.5001942,1.0291439,1.495483,1.6376579,1.1391
patient206,0.7165764,0.7865391,0.63765764,2.6274343,0.74351966,0.8551514,2.495084,0.69453967
patient209,0.63235915,0.756,0.57536083,2.3319094,0.67789376,0.7891139,2.2314541,0.6713729
patient210,0.76054156,0.84000033,0.6374555,1.8622483,0.71699333,0.89132345,1.869896,0.82902414
patient211,0.7288525,0.8617621,0.67087764,1.9502631,0.7262959,0.67477936,1.6762897,0.7424006
patient212,0.8638313,1.0761927,0.82658863,2.388152,0.826538,1.0646092,2.1142216,0.8346648
patient220,0.71581084,0.8547358,0.74000794,1.6062254,0.81808645,0.6663007,1.5434055,0.8020434
patient221,0.98000604,1.2426008,1.0030403,1.4966987,0.9929408,1.1894857,1.5803577,1.0365932
patient222,0.8759723,1.0254207,0.83463514,1.6658254,0.8225799,0.9351809,1.7215985,0.9154258
patient224,0.62070215,0.6929691,0.54114485,1.9495564,0.6208508,0.68742245,1.7828938,0.61678636
patient226,0.7823077,0.92414534,0.7933688,1.316583,0.81635386,0.7509758,1.3042917,0.80749506
patient227,0.86138016,0.941018,0.74149495,2.4277694,0.8381385,1.0181183,2.395402,0.9986329
patient228,0.8018894,0.9036237,0.7282044,2.1555164,0.7925868,0.77640426,1.9515145,0.7818892
patient229,0.8123158,1.0842495,0.7528556,2.1323087,0.79459417,0.86653763,2.2169042,0.7740524
patient230,0.61320525,0.69725674,0.55082196,1.918022,0.6290599,0.7605848,1.7032846,0.703887
patient231,0.76774806,0.9786262,0.7421992,2.5802536,0.7593946,0.91422594,2.410507,0.7971155
patient233,0.61089444,0.7474524,0.575593,2.4474144,0.7150085,0.6135756,2.193694,0.60175633
patient236,0.65810925,0.772897,0.57920957,2.0612175,0.718753,0.76552606,2.0240908,0.61147135
patient238,0.68681777,0.8469033,0.66186357,2.0544517,0.667604,0.8897256,2.1994429,0.76465726
patient239,0.74237394,0.8957189,0.62429535,1.9496304,0.65161407,0.9451433,1.8336229,0.7299063
patient241,0.891281,0.98082453,0.78719294,1.8993249,0.78250724,0.9008636,1.8006406,0.9231978
patient242,0.6691682,0.79514843,0.5606814,2.403462,0.68142116,0.61782897,2.366367,0.6304139
patient243,0.7036238,0.869756,0.72411346,2.2746656,0.7078202,0.7408952,2.09858,0.6792195
patient244,0.90441865,1.0619239,0.9174812,1.2705125,0.96573025,0.6977595,1.1162095,0.9525737
patient246,1.395894,1.539559,1.276625,1.308126,0.83726555,1.0894288,1.4405348,1.1515809
patient250,0.82601947,0.9690097,0.69444907,2.3615422,0.8045975,0.8735067,2.2620738,0.8035267
patient251,0.7044717,0.7990106,0.6686723,1.8896639,0.71372586,0.7106101,1.7523122,0.68014586
patient254,1.1377658,1.3644912,1.0447608,1.1038177,0.890359,0.98680615,1.3670578,1.0413989
patient255,1.0172201,1.2025073,0.9443576,1.9680134,0.84860927,1.1794496,2.0264452,0.9210484
patient257,0.70235753,0.8388134,0.62620145,1.7950563,0.7606693,0.7382498,1.4896381,0.74726117
patient258,1.3543745,1.6215343,1.1156777,0.8734106,0.9137144,1.0727276,1.31302,0.9680917
patient259,0.761106,0.9684549,0.6203716,2.6025107,0.5584008,0.82744056,2.4286659,0.57288045
patient262,0.71662116,0.9236172,0.69672835,2.408628,0.81605005,0.9303551,2.2279952,0.7304953
patient263,0.59394425,0.7296523,0.4904237,2.5341465,0.61971784,0.5393867,2.4150817,0.57317704
patient264,0.64208037,0.8479002,0.58998483,2.469192,0.6937725,0.7435032,2.4222598,0.6099074
patient265,0.9693865,1.1458338,0.8914519,2.5340962,0.8518652,0.99737954,2.3566582,0.82246757
patient266,0.7969989,0.98606217,0.70467305,2.156356,0.75592417,0.8533437,1.927927,0.8670923
patient267,1.2251601,1.3458397,1.0607194,1.7171984,0.9114117,1.1823727,1.637732,1.0410523
patient268,0.90549344,1.0256443,0.7631448,1.915292,0.78894085,0.9700352,1.929697,0.84421015
patient270,0.72811866,0.7849827,0.58712614,2.0618763,0.73726743,0.69170606,2.318156,0.63682145
patient271,0.79010624,0.99415195,0.71016794,1.9438763,0.82655305,0.74206525,1.8609964,0.787803
patient272,0.84366804,1.1263418,0.8335515,2.1572495,0.86747354,0.7947801,2.2295942,0.80758256
patient273,1.1068163,1.3289937,0.9932794,1.5589767,0.7214649,1.1916876,1.7401114,0.9739502
patient274,0.6020958,0.71862525,0.5429378,2.1877356,0.655211,0.5771816,2.031147,0.67823404
patient275,0.76983076,0.9441549,0.6729237,2.2427182,0.5993355,0.9202579,2.0669322,0.7602805
patient276,1.0473428,1.3187275,1.0347998,1.3964872,0.8418273,1.0965284,1.5731854,0.8630887
patient279,0.95920664,1.2279896,0.8776747,2.1298485,0.8441864,1.0261668,2.05087,0.89147836
patient280,0.9333032,1.0722333,0.90892386,1.8528161,0.96070474,0.86002743,1.9329418,0.9199739
patient281,0.68232834,0.855532,0.6151207,2.5650845,0.6407974,1.1111324,2.4861581,0.7454339
patient282,0.8972357,0.9594299,0.78685176,1.4417226,0.8290459,0.73715436,1.4934572,0.9244852
patient283,0.79011333,0.97843605,0.73522526,1.8679721,0.7327714,0.7005889,1.5383496,0.7606051
patient285,0.9945566,1.4398116,1.0223097,1.8070456,0.80865127,0.99947983,1.6898508,0.9006434
patient286,1.040747,1.2681024,0.90081877,1.8803273,0.8855613,0.88376296,1.8944104,0.98591727
patient289,0.9048167,1.2005986,0.90431166,2.0102887,0.8051805,1.2325797,1.9693838,0.8966566
patient290,0.76701957,1.070249,0.73718,2.1280077,0.69709307,0.88276744,2.2093668,0.62671494
patient292,0.8554859,1.0364313,0.84439003,1.8951391,0.78535306,1.059293,1.8937293,0.8468437
patient293,0.71028125,0.8611936,0.63122946,2.2221584,0.6956074,0.73629016,2.2181547,0.62163913
patient295,1.3840407,1.7149224,1.2807475,1.0898179,1.0261768,1.1108279,1.544491,1.1788492
patient296,0.5675219,0.7279647,0.4672115,2.0965738,0.6472395,0.48412904,1.8008698,0.548943
patient297,0.8275837,0.9096992,0.74247503,1.4534553,0.7714626,0.86700886,1.480525,0.9205199
patient300,0.78631794,0.85618,0.6407068,1.9854873,0.674823,0.96145195,2.0160797,0.77216125
patient301,0.7095665,0.8052116,0.5868452,2.1386719,0.6498207,1.0014838,2.1386318,0.6947866
patient303,1.1960473,1.3164815,1.1028363,1.6627272,0.95678717,1.0955206,1.7012364,0.8610103
patient304,1.0644735,1.1964086,0.95566815,1.2776929,0.99335235,0.8747528,1.3189821,1.0881374
patient305,1.0452862,1.2744987,1.018279,1.5907295,1.0856364,0.8609126,1.6249757,1.1072887
patient306,1.120179,1.3727689,1.048345,1.8036401,0.89364845,1.2924844,1.8048483,1.0617942
patientE11,0.8231397,0.9152249,0.70467377,1.8686304,0.64042705,0.8071718,1.6366398,0.6921968
patientE12,0.73820466,0.87973756,0.68568724,1.8717606,0.6787823,0.9785633,1.8397769,0.7693264
patientE14,1.2840983,1.4412633,1.2146058,1.307556,1.154078,1.1476902,1.5125378,1.163784
patientE15,1.3266333,1.7128484,1.29507,2.3704872,1.0350921,1.2577091,2.0711136,1.0164907
patientE17,1.2977592,1.3886236,1.149936,1.122705,0.8084308,0.9948825,1.2425419,0.9154576
patientE18,0.7318031,0.9360839,0.6804868,2.212073,0.80951333,0.71019644,1.9397321,0.7890289
patientE2,0.5495127,0.6904034,0.46609247,2.9112997,0.5590825,0.7093248,2.6743634,0.5522942
patientE21,0.95531505,1.1643597,0.9445634,1.5217428,0.9598355,0.83806545,1.3129541,0.97968465
patientE22,0.7571598,0.8374077,0.67225546,2.159297,0.7898017,0.72932523,1.9405392,0.7007917
patientE23,0.57413363,0.6868701,0.554432,2.361187,0.6800621,0.59557164,2.2927306,0.6557439
patientE26,0.6920168,0.8905485,0.62242174,2.6183922,0.7137654,0.9802255,2.453119,0.6202926
patientE27,0.62211555,0.7503628,0.5592944,2.1227536,0.6725173,0.6161163,2.024381,0.5870069
patientE28,1.2201574,1.4799056,1.1440125,2.0012474,0.9752531,1.420307,1.8946106,1.0579016
patientE29,1.2077441,1.4790517,1.157881,0.9314927,1.0722557,0.96715176,1.5475397,1.0429
patientE30,0.7389414,0.80490303,0.636354,1.7516428,0.7683045,0.59598583,1.6976355,0.6167063
patientE31,0.9553459,1.0906601,0.7855773,1.8049212,0.88229764,0.89861465,1.7214073,1.0408655
patientE32,0.8487496,1.0435717,0.8002139,2.57833,0.7445842,0.985568,2.3045423,0.7901391
patientE33,1.7989748,1.8376845,1.5507296,1.525993,1.4153627,1.1388891,1.836347,1.1690915
patientE36,0.67283547,0.82811856,0.5361787,1.9349973,0.6078773,0.65642965,1.9639304,0.6141988
patientE37,1.321483,1.6597157,1.2042947,1.2707732,0.9361139,1.3990009,1.7206799,0.9962896
patientE38,0.70782536,0.79734886,0.6207531,2.2821536,0.62856865,0.8632341,2.038337,0.64306986
patientE4,0.6838801,0.8593649,0.65365815,2.3797996,0.63857687,0.9145096,2.2784986,0.67998236
patientE40,1.1476032,1.3535014,1.159047,1.0518459,1.1433599,0.88131225,1.1648533,1.3008001
patientE41,0.9248881,1.1265252,0.93177724,1.7906945,0.86177856,0.9752136,1.6847644,0.8897338
patientE42,0.8829494,1.0340557,0.81337476,1.6893278,0.7672457,0.9106653,1.6845217,0.8571527
patientE44,0.8639373,1.0201651,0.81715757,1.5209745,0.8280645,1.1095335,1.6397359,0.8128412
patientE45,0.9087902,1.0542073,0.87190217,1.6432731,0.9231551,0.8827654,1.6154794,0.8889815
patientE46,0.82040507,0.92782044,0.69758666,2.0077286,0.7849467,0.7603136,1.8629347,0.86029595
patientE49,0.5860821,0.78672653,0.5505422,2.2238975,0.63515663,0.6731417,2.1744835,0.63114214
patientE51,1.168231,1.3396351,1.0823681,1.0733517,0.9509303,1.0285723,1.5406519,1.0726967
patientE52,0.77444375,0.8435093,0.69039255,2.0039287,0.69545245,0.8830056,1.7565848,0.78013223
patientE53,1.1724415,1.4614977,1.1512055,1.1944948,1.0518053,1.140241,1.6075704,1.0783142
patientE54,0.5580805,0.6283746,0.4889253,1.9332392,0.6207757,0.5710408,1.5591106,0.56346923
patientE55,0.7435675,0.9192931,0.6459743,2.1094253,0.65061057,0.81430024,1.9486549,0.73755765
patientE56,1.0962046,1.2573851,0.975452,2.0001454,0.8882514,0.83629787,1.9300449,1.0890743
patientE8,0.6748385,0.68715155,0.6117543,1.885063,0.72939837,0.7049666,1.4508793,0.79000354
